name,style,url
Ate Studio,streetwear,https://atestudiostr.com
After 6,streetwear,https://after6.co
Flaw Wears,streetwear,https://www.flawwears.com
Balina Butik,streetwear;basics/essentials,https://www.balinabutik.com
Junior Crime,streetwear;grunge/punk,https://juniorcrime.com
Lethe Studios,gothic/dark,https://lethestudios.co
Slatra,streetwear,https://slatra.com.tr
Doomster,gothic/dark;grunge/punk,https://doomster.me
Gatso,streetwear,https://gatso.com.tr
Köstebek,grafik/sanat,https://www.kostebek.com.tr
The Dad,streetwear,https://thedad.com.tr
Oath Istanbul,streetwear,https://oathistanbul.com
Nomarc,streetwear,https://www.nomarc.com.tr
Aksesuarix,streetwear;grafik/sanat,https://www.aksesuarix.com
Giesto,streetwear,https://giesto.com
Fadeback Studio,streetwear,https://www.shopier.com/fadebackstudio
Crupt Studio,streetwear;techwear,https://www.cruptstudio.com
Black Sample Jewellery,gothic/dark,https://www.blacksamplejewellery.com
Sokak Butik,streetwear,https://www.sokakbutik.com
So High,streetwear;Y2K/rave,https://sohigh.com.tr
Hype TR,streetwear,https://hypetr.com
Reflect Studio,streetwear;old money/minimal,https://reflectstudio.com
Kaft,grafik/sanat,https://www.kaft.com
I Am Not Basic,streetwear,https://iamnotbasic.com.tr
Wheraver,streetwear,https://wheraver.com
Touz Moda,streetwear;basics/essentials,https://touzmoda.com
Shout,streetwear,https://shout.com.tr
Poison Fashion,grunge/punk;gothic/dark,https://poisonfashion.com
Overdrive Rock,grunge/punk,https://overdriverock.com
Kozmosize,streetwear,https://www.kozmosize.com
Hollow Gallery,gothic/dark;streetwear,https://hollowgallery.com
Zincir Wear,streetwear,https://zincirwear.com
X Puppet Wear,streetwear;grunge/punk,https://xpuppetwear.com
Void,techwear;gothic/dark,https://voidtr.com
Vamos Clo,streetwear,https://vamosclo.com
Stren Clo,streetwear;techwear,https://strenclo.com
Noble Mess,streetwear,https://noblemess.co
Machinist,techwear,https://www.machinist.com.tr
Gang Own,streetwear,https://gangown.com.tr
Canned Clothing Studio,streetwear,https://cannedclothingstudio.com
Aperith,streetwear;old money/minimal,https://aperith.com
Abluka,streetwear,https://www.ablukaonline.com.tr
The Lucid Lab,grafik/sanat;streetwear,https://thelucidlab.com.tr
Zaee Giyim,streetwear;basics/essentials,https://zaeegiyim.com.tr
Wise Wear,streetwear,https://wisewear.com.tr
Wes Wear,streetwear,https://weswearshop.com
Tato Wear,streetwear;grafik/sanat,https://tatowear.com
Amuse Bouche,streetwear,https://amuse-bouche.store
Stray United,streetwear,https://strayunited.com
Stray Dogs,streetwear;grunge/punk,https://straydogs.com.tr
Only Trend Wear,streetwear,https://onlytrendwear.com
Offender,streetwear;grunge/punk,https://offender.store
Nuugg,streetwear;basics/essentials,https://nuugg.com
Matt Wear,streetwear,https://www.mattwear.com.tr
Keit,streetwear;old money/minimal,https://www.keit.com.tr
Solid Bruises,grunge/punk;gothic/dark,https://sloidbruises.com
Jumos Wear,streetwear,https://jumoswear.com
Hermu Clo,streetwear,https://hermuclo.com
Hermanios Studio,streetwear,https://hermaniosstd.com
Gymrey,basics/essentials,https://gymrey.com
For Fun Wear,streetwear;grafik/sanat,https://forfunwear.com
Fless Wear,streetwear,https://flesswear.com
Fleak,streetwear,https://fleak.tr
Efex Wear,streetwear,https://efexwear.com
Estatico Design,streetwear;grafik/sanat,https://estaticodesign.com
Emorpi,streetwear,https://emorpi.com.tr
Deer Wear,streetwear,https://deerweartr.com
Wezzy Wear,streetwear,https://wezzywear.com
Modax Wear,streetwear,https://www.modaxwear.com
Guerra Butik,streetwear,https://www.guerrabutik.com
Cervus Wear,streetwear;gorpcore/outdoor,https://cervuswear.com
Punk Design,grunge/punk;grafik/sanat,https://tr.punkdesign.shop
END Clothing,streetwear,https://www.endclothing.com
Interim Collective,streetwear;old money/minimal,https://interimcollective.co
Under Bros,streetwear,https://underbros.co
Voyant,streetwear;techwear,https://shopvoyant.com
The Lood,streetwear,https://www.thelood.com.tr
That Way,streetwear,https://thatwaytr.com
Hype of Steps,streetwear,https://hypeofsteps.com
Fo4rbs,streetwear,https://fo4rbs.com
Expose Sports,basics/essentials,https://exposesports.com
Seize Society,streetwear,https://seizesociety.com
Restruct,techwear;streetwear,https://restruct.co
Quite Often,streetwear;old money/minimal,https://quiteoften.store
Metafang,streetwear;techwear,https://metafang.com
Orient X,streetwear,https://orientx.shop
Cucire,streetwear;old money/minimal,https://cucire.tr
The Loyka,streetwear,https://theloyka.com
Damned Cult,gothic/dark;grunge/punk,https://damnedcult.com
Mahluque,streetwear,https://mahluque.com
Manic Sellout,streetwear;grunge/punk,https://www.shopier.com/manicsellout
The Mets Co,streetwear,https://www.themetsco.com
Starlight,streetwear,https://starlightww.com
God Heals,streetwear;grafik/sanat,https://godheals.ikas.shop
Fake Mood,streetwear;Y2K/rave,https://www.fakemood.com
Forza Core,techwear;streetwear,https://theforzacore.com
Monday Kick,streetwear,https://mondaykick.com
Sold Out Clo,streetwear,https://www.soldoutclo.com
Glix,streetwear,https://tr.glix.shop
Snowshade,streetwear;techwear,https://snowshade.co
Spook Project,gothic/dark;streetwear,https://spookproject.com
Dantelions,streetwear,https://dantelions.com
From Cult,streetwear;gothic/dark,https://fromcult.com
Diddy Studios,streetwear,https://diddystudios.com
Catch,streetwear,https://catch.com.tr
Gotham,streetwear;gothic/dark,https://www.gotham.com.tr
Hoghheim,streetwear;techwear,https://hoghheim.com
Pretend It,streetwear,https://www.pretend-it.com
Soonpiera,streetwear,https://soonpiera.store
Hotel 471,streetwear,https://hotel471.com
Point 2124,streetwear,https://point2124.com
Cravers,streetwear,https://craverstr.com
Drip House,streetwear,https://driphousedrip.com
Le Tual,streetwear,https://letualstore.com
Prev,minimalist,https://tr.prev.shop
Zeph Culture,streetwear,https://www.shopier.com/ZephCulture
Serline,streetwear,https://serlinetr.com
Revion Savera,streetwear,https://revionsavera.com
Mahalle Boy,streetwear,https://mahalleboy.com
Oniki Studio,streetwear,https://onikistudio.com
RPG Studio,streetwear,https://www.rpgstudio.store
Norv,streetwear,https://norvclo.com
Cherry Kitten,Y2K/rave,https://www.cherrykitten.com
FAM1997,streetwear,https://fam1997.com
Peace Hunter,streetwear,https://www.shopier.com/peacehunter
Looza Style,basics/essentials,https://www.loozastyle.com
Dharma Studios,streetwear,https://dharmasstudios.com
By London Butik,basics/essentials,https://www.bylondonbutik.com
Cordelia Butik,streetwear,https://cordeliabutik.com
Alt Kültür Store,streetwear,https://altkulturstore.com
Fly Flaners,streetwear,https://flyflaners.com
Songs And The Spirits,streetwear,https://songsandthespirits.com
Rybe,streetwear,https://rybewear.com
La Mort Studios,streetwear,https://www.shopier.com/LaMortStudios
Kevclo,streetwear,https://kevclo.com
Soon To Be Announced,streetwear,https://soontobeannounced.com
Luvion,streetwear,https://luvion.com.tr
Od Sportswear,spor,https://odsportswear.co
212 Atelier,streetwear,https://212atelier.co
Hype Cult,streetwear,https://hypecult.com.tr
Lorinfo,streetwear,https://lorinfo.com
Tarmac Studios,streetwear,https://tarmacstudios.com
RZG Moda,basics/essentials,https://www.rzgmoda.com
Respire,basics/essentials,https://respire.com.tr
Lost Mind Studios,streetwear,https://lostmindstudios.com
Cayren,basics/essentials,https://www.cayren.com
Taxim Man Fashion,basics/essentials,https://www.taximmanfashion.com
Saintora Atelier,streetwear,https://saintoraatelier.com
Barikat,streetwear,https://barikat.co
Infectious Moda,basics/essentials,https://infectiousmoda.com
Fer Valiant,streetwear,https://fervaliant.com
Saram,streetwear,https://www.shopier.com/saramistanbul
2Downstreet,streetwear,https://2downstreet.com
Loftpace,streetwear,https://loftpace.com
Podyem,streetwear,https://podyem.com.tr
Cartel Wind,streetwear,https://www.cartelwind.com
Cos Weirdos,streetwear,https://cosweirdos.com
Eilul Archives,streetwear,https://www.shopier.com/eilularchives
Svamp Studios,streetwear,https://www.shopier.com/svampstudio
Aspera Clo,streetwear,https://www.shopier.com/asperaclo
D Verge Studio,streetwear,https://www.dvergestudio.com
Solane,streetwear,https://www.shopier.com/solanetr
Pale Archive,streetwear,https://www.shopier.com/palearchivexnorandombatch
Zero Wear,streetwear,https://www.shopier.com/zero_wearr
Giowear,streetwear,https://www.shopier.com/Giowear
Leontiére,streetwear,https://www.shopier.com/leontiereofficial
